filename,url
mits_home,http://mgmits.ac.in/home
mits_icscc-2020_,http://mgmits.ac.in/icscc-2020/
mits_ktu-approved-research-guides_,http://mgmits.ac.in/ktu-approved-research-guides/
mits_research_funded-projects_,http://mgmits.ac.in/research/funded-projects/
mits_gyanveshan_,http://mgmits.ac.in/gyanveshan/
mits_research_faculty-and-student-publication_,http://mgmits.ac.in/research/faculty-and-student-publication/
mits_academic-partnerships_,http://mgmits.ac.in/academic-partnerships/
mits_research_conferences-symposiums_,http://mgmits.ac.in/research/conferences-symposiums/
mits_cidrie_,http://mgmits.ac.in/cidrie/
mits_nisp-2_,http://mgmits.ac.in/nisp-2/
mits_research_research-and-consultancy-cell_,http://mgmits.ac.in/research/research-and-consultancy-cell/
mits_infrastructure_atm_,http://mgmits.ac.in/infrastructure/atm/
mits_infrastructure_gymnasium_,http://mgmits.ac.in/infrastructure/gymnasium/
mits_infrastructure_conveyance_,http://mgmits.ac.in/infrastructure/conveyance/
mits_infrastructure_canteen-cafeteria_,http://mgmits.ac.in/infrastructure/canteen-cafeteria/
mits_news-general_congratulations-to-the-winners_,http://mgmits.ac.in/news-general/congratulations-to-the-winners/
mits_news-general_quiz-club-of-mits-inviting-you-to-the-finalsits-not-rocket-science_,http://mgmits.ac.in/news-general/quiz-club-of-mits-inviting-you-to-the-finalsits-not-rocket-science/
mits_cdn-cgi_l_email-protection,http://mgmits.ac.in/cdn-cgi/l/email-protection
mits_news-general_republic-day-celebrations-at-mits_,http://mgmits.ac.in/news-general/republic-day-celebrations-at-mits/
mits_news-general_the-department-of-computer-science-and-engineering-in-association-with-acm-student-chapter-is-inviting-you-to-the-introductory-talk-on-the-topic-first-try-on-ai_,http://mgmits.ac.in/news-general/the-department-of-computer-science-and-engineering-in-association-with-acm-student-chapter-is-inviting-you-to-the-introductory-talk-on-the-topic-first-try-on-ai/
mits_news-general_congratulations-to-the-winners-of-its-not-rocket-science_,http://mgmits.ac.in/news-general/congratulations-to-the-winners-of-its-not-rocket-science/
mits_google-cloud-career-readiness-program_,http://mgmits.ac.in/google-cloud-career-readiness-program/
mits_news-general_mits-has-been-recognised-in-ariia-2021-in-the-band-performer-under-the-category-colleges-institutes-private-self-financed-technical_,http://mgmits.ac.in/news-general/mits-has-been-recognised-in-ariia-2021-in-the-band-performer-under-the-category-colleges-institutes-private-self-financed-technical/
mits_departments_electrical-and-electronics_industry-tie-up_,http://mgmits.ac.in/departments/electrical-and-electronics/industry-tie-up/
mits_contact-us_,http://mgmits.ac.in/contact-us/
mits_m-tech-admissions-2021_,http://mgmits.ac.in/m-tech-admissions-2021/
mits_admission_contact_,http://mgmits.ac.in/admission/contact/
mits_b-tech-admissions-2021_,http://mgmits.ac.in/b-tech-admissions-2021/
mits_life-mits_quiz-club_,http://mgmits.ac.in/life-mits/quiz-club/
mits_life-mits_arts-club_,http://mgmits.ac.in/life-mits/arts-club/
mits_life-mits_sports_,http://mgmits.ac.in/life-mits/sports/
mits_news-events_,http://mgmits.ac.in/news-events/
mits_life-mits_eco-club_,http://mgmits.ac.in/life-mits/eco-club/
mits_life-mits_student-manuals-circulars_,http://mgmits.ac.in/life-mits/student-manuals-circulars/
mits_life-mits_mits-in-press_,http://mgmits.ac.in/life-mits/mits-in-press/
mits_admission_,http://mgmits.ac.in/admission/
mits_life-mits_student-counselling_,http://mgmits.ac.in/life-mits/student-counselling/
mits_mits-webinar_,http://mgmits.ac.in/mits-webinar/
mits_life-mits_national-service-scheme_,http://mgmits.ac.in/life-mits/national-service-scheme/
mits_life-mits_student-achievements_,http://mgmits.ac.in/life-mits/student-achievements/
mits_mits-talk_,http://mgmits.ac.in/mits-talk/
mits_distinguished-lecture-series_,http://mgmits.ac.in/distinguished-lecture-series/
mits_life-mits_iedc_,http://mgmits.ac.in/life-mits/iedc/
mits_life-mits_covid-19-activities_,http://mgmits.ac.in/life-mits/covid-19-activities/
mits_life-mits_distinguished-lectures_,http://mgmits.ac.in/life-mits/distinguished-lectures/
mits_research_rd-gallery_,http://mgmits.ac.in/research/rd-gallery/
mits_research_industry-institute-interaction-cell_,http://mgmits.ac.in/research/industry-institute-interaction-cell/
mits_infrastructure_academic-gallery_,http://mgmits.ac.in/infrastructure/academic-gallery/
mits_life-mits_activities-gallery_,http://mgmits.ac.in/life-mits/activities-gallery/
mits_research_continuing-education-cell_,http://mgmits.ac.in/research/continuing-education-cell/
mits_infrastructure_hostel_,http://mgmits.ac.in/infrastructure/hostel/
mits_infrastructure_students-activity-centre_,http://mgmits.ac.in/infrastructure/students-activity-centre/
mits_research_centre-of-excellence_,http://mgmits.ac.in/research/centre-of-excellence/
mits_infrastructure_students-amenity-centre_,http://mgmits.ac.in/infrastructure/students-amenity-centre/
mits_infrastructure_mits-creative-square_,http://mgmits.ac.in/infrastructure/mits-creative-square/
mits_infrastructure_conference-and-seminar-halls_,http://mgmits.ac.in/infrastructure/conference-and-seminar-halls/
mits_infrastructure_mits-b-hub-incubation-centre_,http://mgmits.ac.in/infrastructure/mits-b-hub-incubation-centre/
mits_infrastructure_common-computing-facility_,http://mgmits.ac.in/infrastructure/common-computing-facility/
mits_placement_training-interventions_,http://mgmits.ac.in/placement/training-interventions/
mits_placement_career-guidance-and-placement-unit_,http://mgmits.ac.in/placement/career-guidance-and-placement-unit/
mits_idp-2_,http://mgmits.ac.in/idp-2/
mits_infrastructure_mits-central-library_,http://mgmits.ac.in/infrastructure/mits-central-library/
mits_placement_placement-gallery_,http://mgmits.ac.in/placement/placement-gallery/
mits_placement_contact_,http://mgmits.ac.in/placement/contact/
mits_placement_placement-statistics_,http://mgmits.ac.in/placement/placement-statistics/
mits_departments_electronics-and-communication_,http://mgmits.ac.in/departments/electronics-and-communication/
mits_departments_civil-engineering_,http://mgmits.ac.in/departments/civil-engineering/
mits_departments_electrical-and-electronics_,http://mgmits.ac.in/departments/electrical-and-electronics/
mits_nisp_,http://mgmits.ac.in/nisp/
mits_departments_basic-science-and-humanities_,http://mgmits.ac.in/departments/basic-science-and-humanities/
mits_departments_mechanical-engineering_,http://mgmits.ac.in/departments/mechanical-engineering/
mits_mits_career-at-mits_,http://mgmits.ac.in/mits/career-at-mits/
mits_mits_academic-downloads_,http://mgmits.ac.in/mits/academic-downloads/
mits_mits_quality-policy_nirf_,http://mgmits.ac.in/mits/quality-policy/nirf/
mits_mits_mandatory-disclosures_,http://mgmits.ac.in/mits/mandatory-disclosures/
mits_mits_quality-policy_nbanaac_,http://mgmits.ac.in/mits/quality-policy/nbanaac/
mits_departments_computer-science-and-engineering_,http://mgmits.ac.in/departments/computer-science-and-engineering/
mits_gsu_,http://mgmits.ac.in/gsu/
mits_esigelec_,http://mgmits.ac.in/esigelec/
mits_mits_councilscommitteesdeansheads_pta_,http://mgmits.ac.in/mits/councilscommitteesdeansheads/pta/
mits_mits_international-collaborations_,http://mgmits.ac.in/mits/international-collaborations/
mits_mits_councilscommitteesdeansheads_womens-forum-and-grievance-redressal-cell_,http://mgmits.ac.in/mits/councilscommitteesdeansheads/womens-forum-and-grievance-redressal-cell/
mits_mits_administrative-office_,http://mgmits.ac.in/mits/administrative-office/
mits_mits_councilscommitteesdeansheads_student-grievance-and-redressal-committee_,http://mgmits.ac.in/mits/councilscommitteesdeansheads/student-grievance-and-redressal-committee/
mits_mits_councilscommitteesdeansheads_anti-ragging-committee_,http://mgmits.ac.in/mits/councilscommitteesdeansheads/anti-ragging-committee/
mits_mits_councilscommitteesdeansheads_student-council_,http://mgmits.ac.in/mits/councilscommitteesdeansheads/student-council/
mits_mits_councilscommitteesdeansheads_ethics-committee_,http://mgmits.ac.in/mits/councilscommitteesdeansheads/ethics-committee/
mits_mits_councilscommitteesdeansheads_disciplinary-action-committee_,http://mgmits.ac.in/mits/councilscommitteesdeansheads/disciplinary-action-committee/
mits_mits_councilscommitteesdeansheads_deans-and-heads_,http://mgmits.ac.in/mits/councilscommitteesdeansheads/deans-and-heads/
mits_mits_quality-policy_quality-cell_,http://mgmits.ac.in/mits/quality-policy/quality-cell/
mits_mits_councilscommitteesdeansheads_academic-council_,http://mgmits.ac.in/mits/councilscommitteesdeansheads/academic-council/
mits_mits_councilscommitteesdeansheads_college-council_,http://mgmits.ac.in/mits/councilscommitteesdeansheads/college-council/
mits_mits_executive-body_advisory-body_,http://mgmits.ac.in/mits/executive-body/advisory-body/
mits_mits_executive-body_vice-principal_,http://mgmits.ac.in/mits/executive-body/vice-principal/
mits_mits_executive-body_principal_,http://mgmits.ac.in/mits/executive-body/principal/
mits_mits_executive-body_executive-director_,http://mgmits.ac.in/mits/executive-body/executive-director/
mits_mits_executive-body_board-of-governors_,http://mgmits.ac.in/mits/executive-body/board-of-governors/
mits_mits_management-profile_,http://mgmits.ac.in/mits/management-profile/
